{
  "dino_knn_k5": 0.8914405010438413,
  "clip_knn_k5": 0.8079331941544885,
  "zeroshot": 0.81419624217119
}