{
  "k_values": [
    1,
    2,
    3,
    4,
    5,
    6,
    7,
    8,
    9,
    10
  ],
  "dino_accs": [
    0.8559498956158664,
    0.8663883089770354,
    0.8705636743215032,
    0.8830897703549061,
    0.8914405010438413,
    0.8810020876826722,
    0.8893528183716075,
    0.8851774530271399,
    0.8810020876826722,
    0.8768267223382046
  ],
  "clip_accs": [
    0.7828810020876826,
    0.7661795407098121,
    0.7933194154488518,
    0.8079331941544885,
    0.8079331941544885,
    0.8079331941544885,
    0.8204592901878914,
    0.8183716075156576,
    0.81419624217119,
    0.8183716075156576
  ]
}