{
  "DINO":{
    "aeroplane":52.6315789474,
    "bicycle":46.8085106383,
    "bird":70.0,
    "boat":41.935483871,
    "bottle":50.0,
    "bus":34.0,
    "car":59.375,
    "cat":47.8723404255,
    "chair":20.0,
    "cow":60.7142857143,
    "dog":51.1627906977,
    "horse":56.6666666667,
    "motorbike":71.875,
    "person":46.511627907,
    "pottedplant":27.5862068966,
    "sheep":48.0,
    "train":55.8139534884,
    "tvmonitor":22.619047619,
    "Mean":47.976249604
  },
  "CLIP":{
    "aeroplane":39.4736842105,
    "bicycle":25.5319148936,
    "bird":70.0,
    "boat":19.3548387097,
    "bottle":21.0526315789,
    "bus":26.0,
    "car":42.1875,
    "cat":44.6808510638,
    "chair":10.0,
    "cow":30.3571428571,
    "dog":22.0930232558,
    "horse":36.6666666667,
    "motorbike":28.125,
    "person":18.6046511628,
    "pottedplant":31.0344827586,
    "sheep":32.0,
    "train":47.6744186047,
    "tvmonitor":13.0952380952,
    "Mean":30.9962246588
  }
}