{
  "DINO":{
    "Full":47.9338842975,
    "PCA-256":48.4504132231,
    "PCA-128":48.347107438,
    "PCA-64":45.1446280992,
    "PCA-32":39.8760330579,
    "PCA-16":28.6157024793
  },
  "CLIP":{
    "Full":31.7148760331,
    "PCA-256":32.6446280992,
    "PCA-128":32.541322314,
    "PCA-64":30.3719008264,
    "PCA-32":26.8595041322,
    "PCA-16":25.2066115702
  }
}